<?xml version="1.0" encoding="UTF-8" standalone="yes"?>
<addon id="repository.ZeWave"
		name="ZeWave Add-on repository"
		version="0.0.1"
		provider-name="Team ">
  <requires>
    <import addon="xbmc.addon" version="12.0.0"/>
  </requires>
  
	<extension point="xbmc.addon.repository" name="ZeWave Add-on repository">
		<!-- Do not forget to bump add-on version when changing paths to force a repo refresh -->
        <dir>
            <info compressed="false">https://raw.githubusercontent.com/ZeWave/Repo1/master/addons.xml</info>
            <checksum>https://raw.githubusercontent.com/ZeWave/Repo1/master/addons.xml.md5</checksum>
            <datadir zip="true">https://raw.githubusercontent.com/ZeWave/Repo1/master/zips</datadir>
			<artdir>https://raw.githubusercontent.com/ZeWave/images</artdir>
		</dir>
	</extension>
	<extension point="xbmc.addon.metadata">
		<summary lang="en_US">Install Add-ons from ZeWave repository</summary>
		<summary lang="he_IL">התקנת הרחבות מ־ ZeWave repository</summary>
		<description lang="en_US">Download and install add-ons from ZeWave repository.[CR]	All add-ons on this repository have under gone basic testing, if you find a broken or not working add-on please report it to ZeWave Team so we can take any action needed.</description>
		<description lang="he_IL">הורדה והתקנת הרחבות ממאגר הרחבות של ZeWave. כל ההרחבות במאגר זה עברו בדיקה בסיסית. יש לדווח לצוות הפיתוח של ZeWave על כל הרחבה שנמצאה כלא תקינה או שלא עובדת ע"מ שתתבצע הפעולה המתאימה.</description>
		<disclaimer lang="en_US">ZeWave Team did not make all the add-ons on this repository and are not responsible for their content</disclaimer>
		<disclaimer lang="he_IL">צוות הפיתוח של ZeWave לא יצר את כל ההרחבות שבמאגר זה ואיננו אחראי על תוכנן</disclaimer>
		<platform>all</platform>
		<assets>
			<icon>icon.png</icon>
            <fanart>fanart.jpg</fanart>
		</assets>
        <news></news>
	</extension>
</addon>
