<?xml version="1.0" encoding="UTF-8" standalone="yes"?>
<addon 
	id="plugin.program.wave" 
	name="[COLOR yellow]The Wave Wizard[/COLOR]" 
	version="2.0.15" provider-name="The Wave Team">
    <requires>
        <import addon="xbmc.python" version="3.0.0" />
        <import addon="script.module.requests" optional="true" />
        <import addon="script.module.six" optional="true" />
        <import addon="script.kodi.android.update" optional="true" version="1.1.7" />
    </requires>    
    <extension point="xbmc.python.pluginsource" library="default.py">
        <provides>executable</provides>
    </extension>    
    <extension point="xbmc.service" library="startup.py" start="startup" />
    
    <extension point="xbmc.addon.metadata">
    <summary lang="en">The Wave Wizard</summary>
    <description lang="en">אשף התקנה זה החבת תוכנה גרפית להתקנת בילדים. 
בעזרת האשף תוכל להתקין בילדים, לבצע בדיקות שונות ולהפעיל כלי תחזוקה שונים. </description>
        <platform>all</platform>
        <reuselanguageinvoker>false</reuselanguageinvoker>
        <source>https://www.github.com/a4k-openproject/plugin.program.openwizard/</source>
        <news></news>
        <assets>
            <icon>icon.png</icon>
            <fanart>fanart.jpg</fanart>
        </assets>
    </extension>
</addon>
